model,mae,rmse,r2
Linear Regression,1.6466656197147511,2.3783697847961367,0.7241341236974022
Random Forest Regressor,1.2624459068285498,1.9042163972555597,0.8231635343155713
